{"cameraMode":{"drawMode":0,"name":"Shaded","section":"Shading Mode"},"sceneLighting":true,"audioPlay":false,"sceneViewState":{"showFog":true,"showMaterialUpdate":true,"showSkybox":true,"showFlares":true,"showImageEffects":true,"showParticleSystems":true},"in2DMode":false,"pivot":{"x":8.726885795593262,"y":20.18623924255371,"z":-34.80492401123047},"rotation":{"x":0.0145533736795187,"y":-0.9838576316833496,"z":0.15202707052230836,"w":0.0941467359662056},"size":69.11642456054688,"orthographic":false}