{"cameraMode":{"drawMode":0,"name":"Shaded","section":"Shading Mode"},"sceneLighting":true,"audioPlay":false,"sceneViewState":{"showFog":true,"showMaterialUpdate":true,"showSkybox":true,"showFlares":true,"showImageEffects":true,"showParticleSystems":true},"in2DMode":false,"pivot":{"x":1.4635779857635499,"y":-15.784753799438477,"z":2.0986809730529787},"rotation":{"x":0.21372950077056886,"y":-0.7538813352584839,"z":0.2943928837776184,"w":0.5472366809844971},"size":69.11642456054688,"orthographic":false}