{"cameraMode":{"drawMode":0,"name":"Shaded","section":"Shading Mode"},"sceneLighting":false,"audioPlay":false,"sceneViewState":{"showFog":true,"showMaterialUpdate":false,"showSkybox":false,"showFlares":true,"showImageEffects":true,"showParticleSystems":true},"in2DMode":false,"pivot":{"x":0.0002601146697998047,"y":2.999410629272461,"z":0.0},"rotation":{"x":-0.3817351758480072,"y":0.027117662131786348,"z":-0.011431766673922539,"w":-0.9239266514778137},"size":14.360526084899903,"orthographic":false}