{"cameraMode":{"drawMode":0,"name":"Shaded","section":"Shading Mode"},"sceneLighting":false,"audioPlay":false,"sceneViewState":{"showFog":true,"showMaterialUpdate":true,"showSkybox":false,"showFlares":true,"showImageEffects":true,"showParticleSystems":true},"in2DMode":false,"pivot":{"x":-52.41365051269531,"y":1.3984143733978272,"z":-5.781970500946045},"rotation":{"x":0.1366497278213501,"y":-0.8484665751457214,"z":0.2656465172767639,"w":0.43727755546569826},"size":48.4127311706543,"orthographic":false}