{"cameraMode":{"drawMode":0,"name":"Shaded","section":"Shading Mode"},"sceneLighting":false,"audioPlay":false,"sceneViewState":{"showFog":true,"showMaterialUpdate":false,"showSkybox":false,"showFlares":true,"showImageEffects":true,"showParticleSystems":true},"in2DMode":false,"pivot":{"x":0.8519467115402222,"y":0.4988469183444977,"z":-9.715957641601563},"rotation":{"x":-0.24497130513191224,"y":0.43200811743736269,"z":-0.12334264069795609,"w":-0.8592402338981628},"size":1.6694056987762452,"orthographic":false}