{"cameraMode":{"drawMode":0,"name":"Shaded","section":"Shading Mode"},"sceneLighting":false,"audioPlay":false,"sceneViewState":{"showFog":true,"showMaterialUpdate":true,"showSkybox":false,"showFlares":true,"showImageEffects":true,"showParticleSystems":true},"in2DMode":false,"pivot":{"x":-45.48176193237305,"y":-0.36400502920150759,"z":-22.04871940612793},"rotation":{"x":-0.06060134619474411,"y":0.924422562122345,"z":-0.16564713418483735,"w":-0.33817020058631899},"size":32.756710052490237,"orthographic":false}