{"cameraMode":{"drawMode":0,"name":"Shaded","section":"Shading Mode"},"sceneLighting":false,"audioPlay":false,"sceneViewState":{"showFog":true,"showMaterialUpdate":true,"showSkybox":false,"showFlares":true,"showImageEffects":true,"showParticleSystems":true},"in2DMode":false,"pivot":{"x":5.844567775726318,"y":-1.3932325839996338,"z":31.3680362701416},"rotation":{"x":0.20782975852489472,"y":-0.6140774488449097,"z":0.1723015010356903,"w":0.7418618202209473},"size":15.24283504486084,"orthographic":false}